web_scraper_order,web_scraper_start_url,annee marque et model,prix,kilometrage,boite de vitesse,region vente
"1786443252-1","https://www.gaaraas.com/fr/users/dakar-auto?page=1","2014 Nissan Qashqai","7 800 000","63 000 km","Automatique","Dakar"
"1786443252-2","https://www.gaaraas.com/fr/users/dakar-auto?page=1","2006 Ford Taurus","3 800 000","200 000 km","Manuelle","Dakar"
"1786443252-3","https://www.gaaraas.com/fr/users/dakar-auto?page=1","2010 Dacia Logan","2 000 000","161 000 km","Manuelle","Dakar"
"1786443252-4","https://www.gaaraas.com/fr/users/dakar-auto?page=1","2009 Hyundai Tucson","4 000 000","140 000 km","Manuelle","Dakar"
"1786443252-5","https://www.gaaraas.com/fr/users/dakar-auto?page=1","2007 Peugeot 307","2 100 000","140 000 km","Manuelle","Dakar"
"1786443252-6","https://www.gaaraas.com/fr/users/dakar-auto?page=1","2007 Peugeot 307","2 300 000","160 000 km","Manuelle","Dakar"
"1786443252-7","https://www.gaaraas.com/fr/users/dakar-auto?page=1","2003 Volkswagen Golf","2 500 000","160 000 km","Manuelle","Dakar"
"1786443252-8","https://www.gaaraas.com/fr/users/dakar-auto?page=1","2008 Peugeot 307","3 200 000","140 000 km","Manuelle","Dakar"
"1786443252-9","https://www.gaaraas.com/fr/users/dakar-auto?page=1","2005 Toyota Auris","3 500 000","179 315 km","Manuelle","Dakar"
"1786443252-10","https://www.gaaraas.com/fr/users/dakar-auto?page=1","2008 Mitsubishi L200","7 200 000","160 000 km","Manuelle","Dakar"
"1786443252-11","https://www.gaaraas.com/fr/users/dakar-auto?page=1","2008 Citroen C4","2 100 000","160 000 km","Manuelle","Dakar"
"1786443252-12","https://www.gaaraas.com/fr/users/dakar-auto?page=1","2008 Citroen Berlingo","3 300 000","214 000 km","Manuelle","Dakar"
"1786443252-13","https://www.gaaraas.com/fr/users/dakar-auto?page=1","2011 Nissan Murano","2 300 000","188 000 km","Automatique","Dakar"
"1786443252-14","https://www.gaaraas.com/fr/users/dakar-auto?page=1","2011 Ford Edge","9 800 000","80 000 km","Automatique","Dakar"
"1786443252-15","https://www.gaaraas.com/fr/users/dakar-auto?page=1","2009 Daewoo Matiz","3 000 000","120 000 km","Manuelle","Dakar"
"1786443252-16","https://www.gaaraas.com/fr/users/dakar-auto?page=1","2004 Mercedes‒Benz 190","2 200 000","140 000 km","Manuelle","Dakar"
"1786443252-17","https://www.gaaraas.com/fr/users/dakar-auto?page=1","2004 Peugeot 406","2 000 000","18 000 km","Manuelle","Dakar"
"1786443252-18","https://www.gaaraas.com/fr/users/dakar-auto?page=1","2012 Mitsubishi L200","11 900 000","116 000 km","Manuelle","Dakar"
"1786443252-19","https://www.gaaraas.com/fr/users/dakar-auto?page=1","2005 Renault Scenic","2 200 000","140 000 km","Manuelle","Dakar"
"1786443252-20","https://www.gaaraas.com/fr/users/dakar-auto?page=1","2004 Renault Clio","1 900 000","120 000 km","Manuelle","Dakar"
"1786443252-21","https://www.gaaraas.com/fr/users/dakar-auto?page=1","2004 Peugeot 605","2 200 000","160 000 km","Manuelle","Dakar"
"1786443252-22","https://www.gaaraas.com/fr/users/dakar-auto?page=1","2006 Mitsubishi L200","7 500 000","160 000 km","Manuelle","Dakar"
"1786443252-23","https://www.gaaraas.com/fr/users/dakar-auto?page=1","2007 Honda Civic","2 300 000","180 000 km","Automatique","Dakar"
"1786443252-24","https://www.gaaraas.com/fr/users/dakar-auto?page=1","2007 Peugeot 307","2 300 000","210 000 km","Manuelle","Dakar"
"1786443252-25","https://www.gaaraas.com/fr/users/dakar-auto?page=1","2002 Renault 19","2 100 000","160 000 km","Manuelle","Dakar"
"1786443252-26","https://www.gaaraas.com/fr/users/dakar-auto?page=1","2014 Nissan Altima","2 500 000","110 000 km","Automatique","Dakar"
"1786443252-27","https://www.gaaraas.com/fr/users/dakar-auto?page=1","2011 Toyota Camry","3 800 000","0 km","Automatique","Dakar"
"1786443252-28","https://www.gaaraas.com/fr/users/dakar-auto?page=1","2005 Citroen C5","2 100 000","334 000 km","Manuelle","Dakar"
"1786443252-29","https://www.gaaraas.com/fr/users/dakar-auto?page=1","2007 Volkswagen Passat","2 900 000","265 000 km","Manuelle","Dakar"
"1786443252-30","https://www.gaaraas.com/fr/users/dakar-auto?page=1","2006 Hyundai Tucson","3 000 000","164 231 km","Manuelle","Dakar"
"1786443252-31","https://www.gaaraas.com/fr/users/dakar-auto?page=1","2012 Skoda Octavia","4 000 000","70 000 km","Manuelle","Dakar"
"1786443252-32","https://www.gaaraas.com/fr/users/dakar-auto?page=1","2009 Toyota Aygo","2 700 000","150 000 km","Manuelle","Dakar"
"1786443252-33","https://www.gaaraas.com/fr/users/dakar-auto?page=1","2000 Toyota Prado","4 000 000","140 000 km","Manuelle","Dakar"
"1786443252-34","https://www.gaaraas.com/fr/users/dakar-auto?page=1","2007 SsangYong Kyron","2 000 000","120 000 km","Automatique","Dakar"
"1786443252-35","https://www.gaaraas.com/fr/users/dakar-auto?page=1","2011 Ford Escape","4 000 000","109 400 km","Manuelle","Dakar"
"1786443252-36","https://www.gaaraas.com/fr/users/dakar-auto?page=1","2005 Renault Megane","2 000 000","160 000 km","Manuelle","Dakar"
"1786443252-37","https://www.gaaraas.com/fr/users/dakar-auto?page=1","2007 Peugeot 307","2 200 000","160 000 km","Manuelle","Dakar"
"1786443252-38","https://www.gaaraas.com/fr/users/dakar-auto?page=1","2008 Hyundai Tucson","2 600 000","110 000 km","Manuelle","Dakar"
"1786443252-39","https://www.gaaraas.com/fr/users/dakar-auto?page=1","2006 Renault Megane","1 700 000","180 000 km","Manuelle","Dakar"
"1786443252-40","https://www.gaaraas.com/fr/users/dakar-auto?page=1","2005 Toyota Land Cruiser Prado","3 800 000","130 000 km","Manuelle","Dakar"
"1786443252-41","https://www.gaaraas.com/fr/users/dakar-auto?page=1","2011 Honda Elysion","3 500 000","160 000 km","Automatique","Dakar"
"1786443252-42","https://www.gaaraas.com/fr/users/dakar-auto?page=1","2012 Nissan Altima","3 000 000","130 000 km","Automatique","Dakar"
"1786443252-43","https://www.gaaraas.com/fr/users/dakar-auto?page=1","2008 Peugeot 307","2 800 000","160 000 km","Manuelle","Dakar"
"1786443252-44","https://www.gaaraas.com/fr/users/dakar-auto?page=1","2007 Peugeot 307","2 000 000","160 000 km","Manuelle","Dakar"
"1786443252-45","https://www.gaaraas.com/fr/users/dakar-auto?page=1","2008 Peugeot 307","2 600 000","250 000 km","Manuelle","Dakar"
"1786443252-46","https://www.gaaraas.com/fr/users/dakar-auto?page=1","2009 Toyota Camry","3 500 000","145 000 km","Automatique","Dakar"
"1786443252-47","https://www.gaaraas.com/fr/users/dakar-auto?page=1","2008 Peugeot 307","1 900 000","160 000 km","Manuelle","Dakar"
"1786443252-48","https://www.gaaraas.com/fr/users/dakar-auto?page=1","2012 Chevrolet Camaro","4 000 000","220 000 km","Manuelle","Dakar"
"1786443252-49","https://www.gaaraas.com/fr/users/dakar-auto?page=1","2002 Rover 600","1 800 000","128 000 km","Manuelle","Dakar"
"1786443252-50","https://www.gaaraas.com/fr/users/dakar-auto?page=1","2006 Ford Focus","2 150 000","160 000 km","Manuelle","Dakar"
"1786443252-51","https://www.gaaraas.com/fr/users/dakar-auto?page=1","2010 Mazda 6","4 000 000","182 000 km","Automatique","Dakar"
"1786443252-52","https://www.gaaraas.com/fr/users/dakar-auto?page=1","2009 Renault Scenic","1 300 000","160 000 km","Manuelle","Dakar"
"1786443252-53","https://www.gaaraas.com/fr/users/dakar-auto?page=1","2008 Peugeot 308","2 500 000","140 000 km","Manuelle","Dakar"
"1786443252-54","https://www.gaaraas.com/fr/users/dakar-auto?page=1","2011 Hyundai Sonata","3 500 000","66 000 km","Automatique","Dakar"
"1786443252-55","https://www.gaaraas.com/fr/users/dakar-auto?page=1","2006 Citroen C4","2 200 000","160 000 km","Manuelle","Dakar"
"1786443252-56","https://www.gaaraas.com/fr/users/dakar-auto?page=1","2006 Ford Escape","4 500 000","120 000 km","Automatique","Dakar"
"1786443252-57","https://www.gaaraas.com/fr/users/dakar-auto?page=1","2009 Dacia Logan","2 200 000","160 000 km","Manuelle","Dakar"
"1786443252-58","https://www.gaaraas.com/fr/users/dakar-auto?page=1","2008 Land Rover Range Rover Sport","6 000 000","130 000 km","Automatique","Dakar"
"1786443252-59","https://www.gaaraas.com/fr/users/dakar-auto?page=1","2014 Ford Focus","4 500 000","115 000 km","Automatique","Dakar"
"1786443252-60","https://www.gaaraas.com/fr/users/dakar-auto?page=1","2009 Kia Sorento","3 800 000","140 000 km","Manuelle","Dakar"
"1786443252-61","https://www.gaaraas.com/fr/users/dakar-auto?page=1","2009 Peugeot 308","2 300 000","311 368 km","Manuelle","Dakar"
"1786443252-62","https://www.gaaraas.com/fr/users/dakar-auto?page=1","2007 Peugeot 307","2 000 000","160 000 km","Manuelle","Dakar"
"1786443252-63","https://www.gaaraas.com/fr/users/dakar-auto?page=1","2006 Volkswagen Passat","2 500 000","164 686 km","Manuelle","Dakar"
"1786443252-64","https://www.gaaraas.com/fr/users/dakar-auto?page=1","2008 Renault Megane","1 600 000","160 000 km","Manuelle","Dakar"
"1786443252-65","https://www.gaaraas.com/fr/users/dakar-auto?page=1","2010 Ford Escape","6 000 000","180 000 km","Automatique","Dakar"
"1786443252-66","https://www.gaaraas.com/fr/users/dakar-auto?page=1","2007 Renault Laguna","2 300 000","84 000 km","Manuelle","Dakar"
"1786443252-67","https://www.gaaraas.com/fr/users/dakar-auto?page=1","2007 Volkswagen Passat","2 000 000","90 000 km","Automatique","Dakar"
"1786443252-68","https://www.gaaraas.com/fr/users/dakar-auto?page=1","2007 Peugeot 307","2 400 000","160 000 km","Manuelle","Dakar"
"1786443252-69","https://www.gaaraas.com/fr/users/dakar-auto?page=1","2007 Peugeot 307","2 200 000","160 000 km","Manuelle","Dakar"
"1786443252-70","https://www.gaaraas.com/fr/users/dakar-auto?page=1","2007 Peugeot 407","2 800 000","120 000 km","Manuelle","Dakar"
"1786443252-71","https://www.gaaraas.com/fr/users/dakar-auto?page=1","2003 Opel Astra","2 500 000","160 000 km","Manuelle","Dakar"
"1786443252-72","https://www.gaaraas.com/fr/users/dakar-auto?page=1","1989 Renault 19","2 300 000","180 000 km","Manuelle","Dakar"
"1786443252-73","https://www.gaaraas.com/fr/users/dakar-auto?page=1","Citroen C3","1 800 000","220 000 km","Manuelle","Dakar"
"1786443252-74","https://www.gaaraas.com/fr/users/dakar-auto?page=1","2008 Ford Edge","7 000 000","125 000 km","Automatique","Dakar"
"1786443252-75","https://www.gaaraas.com/fr/users/dakar-auto?page=1","2002 Peugeot 406","2 200 000","140 000 km","Manuelle","Dakar"
"1786443252-76","https://www.gaaraas.com/fr/users/dakar-auto?page=1","2009 Peugeot 308","3 600 000","140 000 km","Manuelle","Dakar"
"1786443252-77","https://www.gaaraas.com/fr/users/dakar-auto?page=1","2000 Volkswagen Golf","1 500 000","160 000 km","Manuelle","Dakar"
"1786443252-78","https://www.gaaraas.com/fr/users/dakar-auto?page=1","2003 Peugeot 406","2 600 000","160 000 km","Manuelle","Dakar"
"1786443252-79","https://www.gaaraas.com/fr/users/dakar-auto?page=1","2009 Peugeot 308","3 300 000","256 730 km","Manuelle","Dakar"
"1786443252-80","https://www.gaaraas.com/fr/users/dakar-auto?page=1","2008 Hyundai Tucson","3 400 000","140 000 km","Manuelle","Dakar"
"1786443252-81","https://www.gaaraas.com/fr/users/dakar-auto?page=1","2008 Citroen C3","2 300 000","128 000 km","Manuelle","Dakar"
"1786443252-82","https://www.gaaraas.com/fr/users/dakar-auto?page=1","2000 Peugeot 309","2 800 000","130 000 km","Manuelle","Dakar"
"1786443252-83","https://www.gaaraas.com/fr/users/dakar-auto?page=1","2007 Peugeot 307","2 500 000","160 000 km","Manuelle","Dakar"
"1786443252-84","https://www.gaaraas.com/fr/users/dakar-auto?page=1","2008 Peugeot 307","2 500 000","128 000 km","Manuelle","Dakar"
"1786443252-85","https://www.gaaraas.com/fr/users/dakar-auto?page=1","2010 Renault Clio","2 700 000","120 000 km","Manuelle","Dakar"
"1786443252-86","https://www.gaaraas.com/fr/users/dakar-auto?page=1","2007 Ford Escort","2 700 000","174 000 km","Manuelle","Dakar"
"1786443252-87","https://www.gaaraas.com/fr/users/dakar-auto?page=1","2007 Skoda Fabia","1 800 000","220 000 km","Manuelle","Dakar"
"1786443252-88","https://www.gaaraas.com/fr/users/dakar-auto?page=1","2000 Renault 19","2 000 000","160 000 km","Manuelle","Dakar"
"1786443252-89","https://www.gaaraas.com/fr/users/dakar-auto?page=1","2008 Skoda Octavia","1 900 000","160 000 km","Manuelle","Dakar"
"1786443252-90","https://www.gaaraas.com/fr/users/dakar-auto?page=1","2010 Kia Soul","3 500 000","172 900 km","Manuelle","Dakar"
"1786443252-91","https://www.gaaraas.com/fr/users/dakar-auto?page=1","2008 Hyundai Getz","1 800 000","98 000 km","Manuelle","Dakar"
"1786443252-92","https://www.gaaraas.com/fr/users/dakar-auto?page=1","2008 Nissan Murano","3 200 000","115 305 km","Automatique","Dakar"
"1786443252-93","https://www.gaaraas.com/fr/users/dakar-auto?page=1","2012 Peugeot 207","3 800 000","142 000 km","Automatique","Dakar"
"1786443252-94","https://www.gaaraas.com/fr/users/dakar-auto?page=1","2008 Mitsubishi Spacestar","2 000 000","160 000 km","Manuelle","Dakar"
"1786443252-95","https://www.gaaraas.com/fr/users/dakar-auto?page=1","2004 Peugeot 307","2 700 000","140 000 km","Manuelle","Dakar"
"1786443252-96","https://www.gaaraas.com/fr/users/dakar-auto?page=1","2013 Hyundai Elantra","6 500 000","66 000 km","Automatique","Dakar"
"1786443252-97","https://www.gaaraas.com/fr/users/dakar-auto?page=1","2007 Peugeot 807","2 800 000","160 000 km","Manuelle","Dakar"
"1786443252-98","https://www.gaaraas.com/fr/users/dakar-auto?page=1","2012 Peugeot 308","3 800 000","103 000 km","Manuelle","Dakar"
"1786443252-99","https://www.gaaraas.com/fr/users/dakar-auto?page=1","2002 Peugeot 405","2 200 000","160 000 km","Manuelle","Dakar"
"1786443252-100","https://www.gaaraas.com/fr/users/dakar-auto?page=1","2007 Peugeot 308","2 800 000","230 000 km","Manuelle","Dakar"
"1786443252-101","https://www.gaaraas.com/fr/users/dakar-auto?page=1","2008 Citroen C3","2 100 000","110 000 km","Manuelle","Dakar"
"1786443252-102","https://www.gaaraas.com/fr/users/dakar-auto?page=1","2007 Renault Logan","2 900 000","160 000 km","Manuelle","Dakar"
"1786443252-103","https://www.gaaraas.com/fr/users/dakar-auto?page=1","2000 Renault 19","1 800 000","180 000 km","Manuelle","Dakar"
"1786443252-104","https://www.gaaraas.com/fr/users/dakar-auto?page=1","2008 Toyota RAV4","2 900 000","130 000 km","Manuelle","Dakar"
"1786443252-105","https://www.gaaraas.com/fr/users/dakar-auto?page=1","2007 Peugeot 307","2 500 000","120 000 km","Automatique","Dakar"
"1786443252-106","https://www.gaaraas.com/fr/users/dakar-auto?page=1","2007 BMW 315","1 500 000","120 000 km","Manuelle","Dakar"
"1786443252-107","https://www.gaaraas.com/fr/users/dakar-auto?page=1","2010 Jeep Patriot","3 900 000","140 000 km","Manuelle","Dakar"
"1786443252-108","https://www.gaaraas.com/fr/users/dakar-auto?page=1","2008 Peugeot 206","2 300 000","164 000 km","Manuelle","Dakar"
"1786443252-109","https://www.gaaraas.com/fr/users/dakar-auto?page=1","2011 Mitsubishi ASX","6 000 000","94 954 km","Manuelle","Dakar"
"1786443252-110","https://www.gaaraas.com/fr/users/dakar-auto?page=1","2008 Citroen C3","1 800 000","160 000 km","Manuelle","Dakar"
"1786443252-111","https://www.gaaraas.com/fr/users/dakar-auto?page=1","2009 Mitsubishi L200","7 800 000","160 000 km","Manuelle","Dakar"
"1786443252-112","https://www.gaaraas.com/fr/users/dakar-auto?page=1","2007 Peugeot 307","2 400 000","160 000 km","Manuelle","Dakar"
"1786443252-113","https://www.gaaraas.com/fr/users/dakar-auto?page=1","2008 Peugeot 308","3 300 000","120 000 km","Manuelle","Dakar"
"1786443252-114","https://www.gaaraas.com/fr/users/dakar-auto?page=1","2008 Toyota Corolla","3 300 000","140 000 km","Manuelle","Dakar"
"1786443252-115","https://www.gaaraas.com/fr/users/dakar-auto?page=1","2010 BMW X1","3 700 000","150 000 km","Automatique","Dakar"
"1786443252-116","https://www.gaaraas.com/fr/users/dakar-auto?page=1","2008 Peugeot 207","1 800 000","120 000 km","Manuelle","Dakar"
"1786443252-117","https://www.gaaraas.com/fr/users/dakar-auto?page=1","2002 Renault 21","2 700 000","160 000 km","Manuelle","Dakar"
"1786443252-118","https://www.gaaraas.com/fr/users/dakar-auto?page=1","2007 Peugeot 307","2 100 000","132 000 km","Manuelle","Dakar"
"1786443252-119","https://www.gaaraas.com/fr/users/dakar-auto?page=1","2007 Volkswagen Passat","1 600 000","120 000 km","Manuelle","Dakar"
"1786443252-120","https://www.gaaraas.com/fr/users/dakar-auto?page=1","2006 Renault Megane","1 600 000","180 000 km","Manuelle","Dakar"
"1786443252-121","https://www.gaaraas.com/fr/users/dakar-auto?page=1","2008 Citroen C5","2 700 000","130 000 km","Manuelle","Dakar"
"1786443252-122","https://www.gaaraas.com/fr/users/dakar-auto?page=1","2008 Kia Carnival","2 500 000","160 000 km","Manuelle","Dakar"
"1786443252-123","https://www.gaaraas.com/fr/users/dakar-auto?page=1","2009 Land Rover Range Rover Sport","","160 000 km","Automatique","Dakar"
"1786443252-124","https://www.gaaraas.com/fr/users/dakar-auto?page=1","2008 Peugeot 307","3 200 000","128 000 km","Manuelle","Dakar"
"1786443252-125","https://www.gaaraas.com/fr/users/dakar-auto?page=1","2011 Citroen C3","2 800 000","136 000 km","Manuelle","Dakar"
"1786443252-126","https://www.gaaraas.com/fr/users/dakar-auto?page=1","2013 Chevrolet Sail","2 200 000","90 000 km","Manuelle","Dakar"
"1786443252-127","https://www.gaaraas.com/fr/users/dakar-auto?page=1","2006 Renault Scenic","2 300 000","200 000 km","Manuelle","Dakar"
"1786443252-128","https://www.gaaraas.com/fr/users/dakar-auto?page=1","2004 Toyota Corolla","2 700 000","28 752 km","Manuelle","Dakar"
"1786443252-129","https://www.gaaraas.com/fr/users/dakar-auto?page=1","2009 Dacia Sandero","2 800 000","140 000 km","Manuelle","Dakar"
"1786443252-130","https://www.gaaraas.com/fr/users/dakar-auto?page=1","2006 Citroen C3","1 500 000","160 000 km","Manuelle","Dakar"
"1786443252-131","https://www.gaaraas.com/fr/users/dakar-auto?page=1","2007 Citroen C3","2 000 000","180 000 km","Manuelle","Dakar"
"1786443252-132","https://www.gaaraas.com/fr/users/dakar-auto?page=1","2009 Ford Fusion","2 000 000","144 000 km","Automatique","Dakar"
"1786443252-133","https://www.gaaraas.com/fr/users/dakar-auto?page=1","2007 Renault Laguna","2 000 000","160 000 km","Manuelle","Dakar"
"1786443252-134","https://www.gaaraas.com/fr/users/dakar-auto?page=1","2009 Nissan Rogue","5 500 000","160 000 km","Automatique","Dakar"
"1786443252-135","https://www.gaaraas.com/fr/users/dakar-auto?page=1","2011 Ford Edge","10 000 000","105 000 km","Automatique","Dakar"
"1786443252-136","https://www.gaaraas.com/fr/users/dakar-auto?page=1","2007 Citroen C4","2 100 000","160 000 km","Manuelle","Dakar"
"1786443252-137","https://www.gaaraas.com/fr/users/dakar-auto?page=1","2012 Skoda Octavia","3 500 000","147 000 km","Manuelle","Dakar"
"1786443252-138","https://www.gaaraas.com/fr/users/dakar-auto?page=1","2007 Citroen Berlingo","2 000 000","140 000 km","Manuelle","Dakar"
"1786443252-139","https://www.gaaraas.com/fr/users/dakar-auto?page=1","2008 Citroen Berlingo","2 300 000","160 000 km","Manuelle","Dakar"
"1786443252-140","https://www.gaaraas.com/fr/users/dakar-auto?page=1","2010 Peugeot 207","3 200 000","144 410 km","Manuelle","Dakar"
"1786443252-141","https://www.gaaraas.com/fr/users/dakar-auto?page=1","2007 Peugeot 307","2 300 000","137 000 km","Manuelle","Dakar"
"1786443252-142","https://www.gaaraas.com/fr/users/dakar-auto?page=1","2009 Peugeot 206","2 000 000","130 000 km","Manuelle","Dakar"
"1786443252-143","https://www.gaaraas.com/fr/users/dakar-auto?page=1","2004 Renault Laguna","2 000 000","160 000 km","Manuelle","Dakar"
"1786443252-144","https://www.gaaraas.com/fr/users/dakar-auto?page=1","2004 Mercedes‒Benz 250","1 900 000","160 000 km","Manuelle","Dakar"
"1786443252-145","https://www.gaaraas.com/fr/users/dakar-auto?page=1","2013 Nissan Qashqai+2","6 500 000","101 000 km","Manuelle","Dakar"
"1786443252-146","https://www.gaaraas.com/fr/users/dakar-auto?page=1","2011 Ford Escape","4 300 000","130 000 km","Automatique","Dakar"
"1786443252-147","https://www.gaaraas.com/fr/users/dakar-auto?page=1","2007 Peugeot 307","2 100 000","90 000 km","Manuelle","Dakar"
"1786443252-148","https://www.gaaraas.com/fr/users/dakar-auto?page=1","2013 Hyundai Elantra","5 800 000","21 000 km","Automatique","Dakar"
"1786443252-149","https://www.gaaraas.com/fr/users/dakar-auto?page=1","2012 Mitsubishi Endeavor","4 300 000","100 000 km","Automatique","Dakar"
"1786443252-150","https://www.gaaraas.com/fr/users/dakar-auto?page=1","2011 Peugeot 508","5 500 000","179 000 km","Automatique","Dakar"
"1786443252-151","https://www.gaaraas.com/fr/users/dakar-auto?page=1","2006 Citroen C3","1 900 000","160 000 km","Manuelle","Dakar"
"1786443252-152","https://www.gaaraas.com/fr/users/dakar-auto?page=1","2007 Renault Scenic","1 950 000","160 000 km","Manuelle","Dakar"
"1786443252-153","https://www.gaaraas.com/fr/users/dakar-auto?page=1","2009 Citroen Nemo","2 400 000","160 000 km","Manuelle","Dakar"
"1786443252-154","https://www.gaaraas.com/fr/users/dakar-auto?page=1","2006 Peugeot 407","2 300 000","291 000 km","Manuelle","Dakar"
"1786443252-155","https://www.gaaraas.com/fr/users/dakar-auto?page=1","2010 Nissan Versa","2 500 000","120 000 km","Automatique","Dakar"
"1786443252-156","https://www.gaaraas.com/fr/users/dakar-auto?page=1","2005 Renault Scenic","1 500 000","180 000 km","Manuelle","Dakar"
"1786443252-157","https://www.gaaraas.com/fr/users/dakar-auto?page=1","2006 Renault Megane","1 800 000","160 000 km","Manuelle","Dakar"
"1786443252-158","https://www.gaaraas.com/fr/users/dakar-auto?page=1","2007 Peugeot 407","2 600 000","180 000 km","Manuelle","Dakar"
"1786443252-159","https://www.gaaraas.com/fr/users/dakar-auto?page=1","2000 Mercedes‒Benz 190","2 400 000","160 000 km","Manuelle","Dakar"
"1786443252-160","https://www.gaaraas.com/fr/users/dakar-auto?page=1","2012 Renault Kangoo","4 500 000","264 127 km","Manuelle","Dakar"
"1786443252-161","https://www.gaaraas.com/fr/users/dakar-auto?page=1","2007 Hyundai Accent","1 700 000","","Manuelle","Dakar"
"1786443252-162","https://www.gaaraas.com/fr/users/dakar-auto?page=1","2008 Dacia Logan","3 000 000","160 000 km","Manuelle","Dakar"
"1786443252-163","https://www.gaaraas.com/fr/users/dakar-auto?page=1","2007 Renault Laguna","1 400 000","180 000 km","Manuelle","Dakar"
"1786443252-164","https://www.gaaraas.com/fr/users/dakar-auto?page=1","2011 Peugeot 3008","6 500 000","","Manuelle","Dakar"
"1786443252-165","https://www.gaaraas.com/fr/users/dakar-auto?page=1","2008 Peugeot 307","2 200 000","160 000 km","Manuelle","Dakar"
"1786443252-166","https://www.gaaraas.com/fr/users/dakar-auto?page=1","2008 Citroen C3","2 000 000","200 000 km","Manuelle","Dakar"
"1786443252-167","https://www.gaaraas.com/fr/users/dakar-auto?page=1","2010 Citroen C4","2 200 000","289 983 km","Manuelle","Dakar"
"1786443252-168","https://www.gaaraas.com/fr/users/dakar-auto?page=1","2009 Opel Astra","1 500 000","160 000 km","Manuelle","Dakar"
"1786443252-169","https://www.gaaraas.com/fr/users/dakar-auto?page=1","2000 Renault 17","6 000 000","160 000 km","Manuelle","Dakar"
"1786443252-170","https://www.gaaraas.com/fr/users/dakar-auto?page=1","2008 Mazda 2","1 100 000","140 000 km","Manuelle","Dakar"
"1786443252-171","https://www.gaaraas.com/fr/users/dakar-auto?page=1","2007 Peugeot 307","2 200 000","160 000 km","Manuelle","Dakar"
"1786443252-172","https://www.gaaraas.com/fr/users/dakar-auto?page=1","2006 Hyundai Sonata","2 000 000","140 000 km","Automatique","Dakar"
"1786443252-173","https://www.gaaraas.com/fr/users/dakar-auto?page=1","2006 Peugeot 406","2 500 000","160 000 km","Manuelle","Dakar"
"1786443252-174","https://www.gaaraas.com/fr/users/dakar-auto?page=1","2010 Hyundai Tucson","4 200 000","79 044 km","Manuelle","Dakar"
"1786443252-175","https://www.gaaraas.com/fr/users/dakar-auto?page=1","1989 Mercedes‒Benz 190","1 900 000","160 000 km","Manuelle","Dakar"
"1786443252-176","https://www.gaaraas.com/fr/users/dakar-auto?page=1","2009 Chrysler Sebring","2 000 000","99 000 km","Automatique","Dakar"
"1786443252-177","https://www.gaaraas.com/fr/users/dakar-auto?page=1","2010 Toyota Camry","4 500 000","110 000 km","Automatique","Dakar"
"1786443252-178","https://www.gaaraas.com/fr/users/dakar-auto?page=1","2010 Skoda Octavia","2 600 000","160 000 km","Manuelle","Dakar"
"1786443252-179","https://www.gaaraas.com/fr/users/dakar-auto?page=1","2013 Hyundai Sonata","5 200 000","92 000 km","Automatique","Dahra"
"1786443252-180","https://www.gaaraas.com/fr/users/dakar-auto?page=1","2010 Toyota Corolla","3 500 000","88 997 km","Manuelle","Dakar"
"1786443252-181","https://www.gaaraas.com/fr/users/dakar-auto?page=1","2009 Peugeot 308","2 600 000","120 000 km","Manuelle","Dakar"
"1786443252-182","https://www.gaaraas.com/fr/users/dakar-auto?page=1","2008 Toyota Avensis","2 500 000","160 000 km","Manuelle","Dakar"
"1786443252-183","https://www.gaaraas.com/fr/users/dakar-auto?page=1","2007 Toyota Corolla","4 300 000","235 000 km","Manuelle","Dakar"
"1786443252-184","https://www.gaaraas.com/fr/users/dakar-auto?page=1","2005 Volkswagen Golf","2 200 000","180 000 km","Manuelle","Dakar"
"1786443252-185","https://www.gaaraas.com/fr/users/dakar-auto?page=1","2002 Renault 21","2 200 000","160 000 km","Manuelle","Dakar"
"1786443252-186","https://www.gaaraas.com/fr/users/dakar-auto?page=1","2006 Toyota Avensis","1 600 000","186 000 km","Manuelle","Dakar"
"1786443252-187","https://www.gaaraas.com/fr/users/dakar-auto?page=1","2007 Toyota Verso","2 500 000","313 000 km","Manuelle","Dakar"
"1786443252-188","https://www.gaaraas.com/fr/users/dakar-auto?page=1","2007 Renault Safrane","2 200 000","160 000 km","Manuelle","Dakar"
"1786443252-189","https://www.gaaraas.com/fr/users/dakar-auto?page=1","2008 Renault Scenic","2 000 000","130 000 km","Manuelle","Dakar"
"1786443252-190","https://www.gaaraas.com/fr/users/dakar-auto?page=1","2008 Chery A113","1 700 000","79 000 km","Manuelle","Dakar"
"1786443252-191","https://www.gaaraas.com/fr/users/dakar-auto?page=1","2007 Renault Clio","1 750 000","120 000 km","Manuelle","Dakar"
"1786443252-192","https://www.gaaraas.com/fr/users/dakar-auto?page=1","2009 Renault Megane","3 300 000","233 200 km","Manuelle","Dakar"
"1786443252-193","https://www.gaaraas.com/fr/users/dakar-auto?page=1","2012 Peugeot 508","4 700 000","102 220 km","Manuelle","Dakar"
"1786443252-194","https://www.gaaraas.com/fr/users/dakar-auto?page=1","2007 Citroen C4","2 200 000","160 000 km","Manuelle","Dakar"
"1786443252-195","https://www.gaaraas.com/fr/users/dakar-auto?page=1","2008 Peugeot 308","2 800 000","160 000 km","Manuelle","Dakar"
"1786443252-196","https://www.gaaraas.com/fr/users/dakar-auto?page=1","2007 Toyota Yaris","2 700 000","180 000 km","Manuelle","Dakar"
"1786443252-197","https://www.gaaraas.com/fr/users/dakar-auto?page=1","2011 Nissan Juke","5 500 000","157 000 km","Manuelle","Dakar"
"1786443252-198","https://www.gaaraas.com/fr/users/dakar-auto?page=1","2007 Ford Focus","2 700 000","100 000 km","Automatique","Dakar"
"1786443252-199","https://www.gaaraas.com/fr/users/dakar-auto?page=1","2010 Toyota Corolla","3 200 000","90 000 km","Manuelle","Dakar"
"1786443252-200","https://www.gaaraas.com/fr/users/dakar-auto?page=1","2007 Mercedes‒Benz 190","2 900 000","160 000 km","Automatique","Dakar"
"1786443252-201","https://www.gaaraas.com/fr/users/dakar-auto?page=1","2010 Nissan Rogue","8 500 000","84 500 km","Automatique","Dakar"
"1786443252-202","https://www.gaaraas.com/fr/users/dakar-auto?page=1","2005 Hyundai Santa Fe","3 500 000","300 000 km","Manuelle","Dakar"
"1786443252-203","https://www.gaaraas.com/fr/users/dakar-auto?page=1","2015 Ford Focus","5 800 000","29 000 km","Automatique","Dakar"
"1786443252-204","https://www.gaaraas.com/fr/users/dakar-auto?page=1","2010 Peugeot 807","4 800 000","160 000 km","Manuelle","Dakar"
"1786443252-205","https://www.gaaraas.com/fr/users/dakar-auto?page=1","2007 Peugeot 407","2 000 000","110 000 km","Manuelle","Dakar"
"1786443252-206","https://www.gaaraas.com/fr/users/dakar-auto?page=1","2000 Peugeot 205","1 500 000","160 000 km","Manuelle","Dakar"
"1786443252-207","https://www.gaaraas.com/fr/users/dakar-auto?page=1","2007 Toyota RAV4","4 000 000","145 000 km","Manuelle","Dakar"
"1786443252-208","https://www.gaaraas.com/fr/users/dakar-auto?page=1","2008 Peugeot 307","2 000 000","120 000 km","Manuelle","Dakar"
"1786443252-209","https://www.gaaraas.com/fr/users/dakar-auto?page=1","2006 Renault Scenic","2 200 000","140 000 km","Manuelle","Dakar"
"1786443252-210","https://www.gaaraas.com/fr/users/dakar-auto?page=1","2011 Nissan Teana","8 000 000","90 000 km","Manuelle","Dakar"
"1786443252-211","https://www.gaaraas.com/fr/users/dakar-auto?page=1","2010 Dacia Sandero","2 200 000","160 000 km","Manuelle","Dakar"
"1786443252-212","https://www.gaaraas.com/fr/users/dakar-auto?page=1","2008 Lada Niva","1 500 000","160 000 km","Manuelle","Dakar"
"1786443252-213","https://www.gaaraas.com/fr/users/dakar-auto?page=1","2009 Dacia Logan","2 800 000","500 000 km","Manuelle","Dakar"
"1786443252-214","https://www.gaaraas.com/fr/users/dakar-auto?page=1","2003 Peugeot 406","2 400 000","160 000 km","Manuelle","Dakar"
"1786443252-215","https://www.gaaraas.com/fr/users/dakar-auto?page=1","2015 Jeep Patriot","9 500 000","51 200 km","Automatique","Dakar"
"1786443252-216","https://www.gaaraas.com/fr/users/dakar-auto?page=1","2008 Renault Scenic","2 200 000","16 000 km","Manuelle","Dakar"
"1786443252-217","https://www.gaaraas.com/fr/users/dakar-auto?page=1","2011 Ford Escape","5 800 000","0 km","Automatique","Dakar"
"1786443252-218","https://www.gaaraas.com/fr/users/dakar-auto?page=1","2007 Toyota RAV4","5 200 000","120 000 km","Manuelle","Dakar"
"1786443252-219","https://www.gaaraas.com/fr/users/dakar-auto?page=1","2006 Hyundai Tucson","4 000 000","298 000 km","Manuelle","Dakar"
"1786443252-220","https://www.gaaraas.com/fr/users/dakar-auto?page=1","2007 Citroen C3","2 400 000","180 000 km","Manuelle","Dakar"
"1786443252-221","https://www.gaaraas.com/fr/users/dakar-auto?page=1","2000 Peugeot 205","1 400 000","160 000 km","Manuelle","Dakar"
"1786443252-222","https://www.gaaraas.com/fr/users/dakar-auto?page=1","2005 Peugeot 307","2 100 000","160 000 km","Manuelle","Dakar"
"1786443252-223","https://www.gaaraas.com/fr/users/dakar-auto?page=1","2013 Jeep Wrangler","20 000 000","100 000 km","Automatique","Dakar"
"1786443252-224","https://www.gaaraas.com/fr/users/dakar-auto?page=1","2004 Peugeot 406","2 700 000","120 000 km","Manuelle","Dakar"
"1786443252-225","https://www.gaaraas.com/fr/users/dakar-auto?page=1","1989 Renault 19","1 500 000","140 000 km","Manuelle","Dakar"
"1786443252-226","https://www.gaaraas.com/fr/users/dakar-auto?page=1","2010 Toyota RAV4","9 600 000","180 000 km","Automatique","Dakar"
"1786443252-227","https://www.gaaraas.com/fr/users/dakar-auto?page=1","2008 Peugeot 308","2 700 000","160 000 km","Manuelle","Dakar"
"1786443252-228","https://www.gaaraas.com/fr/users/dakar-auto?page=1","2005 Peugeot 405","1 900 000","120 000 km","Manuelle","Dakar"
"1786443252-229","https://www.gaaraas.com/fr/users/dakar-auto?page=1","2010 Peugeot 308","2 900 000","120 000 km","Manuelle","Dakar"
"1786443252-230","https://www.gaaraas.com/fr/users/dakar-auto?page=1","2006 Nissan 200SX","1 600 000","180 000 km","Manuelle","Dakar"
"1786443252-231","https://www.gaaraas.com/fr/users/dakar-auto?page=1","2011 Mitsubishi L200","6 000 000","120 000 km","Manuelle","Dakar"
"1786443252-232","https://www.gaaraas.com/fr/users/dakar-auto?page=1","2006 Citroen Berlingo","2 400 000","180 000 km","Manuelle","Dakar"
"1786443252-233","https://www.gaaraas.com/fr/users/dakar-auto?page=1","2004 Peugeot 305","1 600 000","128 000 km","Manuelle","Dakar"
"1786443252-234","https://www.gaaraas.com/fr/users/dakar-auto?page=1","2007 Renault Megane","2 700 000","180 000 km","Manuelle","Dakar"
"1786443252-235","https://www.gaaraas.com/fr/users/dakar-auto?page=1","2012 Ford Focus ST","3 300 000","140 000 km","Automatique","Dakar"
"1786443252-236","https://www.gaaraas.com/fr/users/dakar-auto?page=1","2014 Ford Escape","8 200 000","105 000 km","Manuelle","Dakar"
"1786443252-237","https://www.gaaraas.com/fr/users/dakar-auto?page=1","2006 Citroen Xsara","1 800 000","160 000 km","Manuelle","Dakar"
"1786443252-238","https://www.gaaraas.com/fr/users/dakar-auto?page=1","2012 Peugeot 308","3 900 000","160 000 km","Manuelle","Dakar"
"1786443252-239","https://www.gaaraas.com/fr/users/dakar-auto?page=1","2008 Citroen C4","2 100 000","90 925 km","Manuelle","Dakar"
"1786443252-240","https://www.gaaraas.com/fr/users/dakar-auto?page=1","2008 Renault Megane","1 850 000","120 000 km","Manuelle","Dakar"
"1786443252-241","https://www.gaaraas.com/fr/users/dakar-auto?page=1","2008 Dacia Logan","2 600 000","137 000 km","Manuelle","Dakar"
"1786443252-242","https://www.gaaraas.com/fr/users/dakar-auto?page=1","2007 Peugeot 307","2 100 000","175 598 km","Manuelle","Dakar"
"1786443252-243","https://www.gaaraas.com/fr/users/dakar-auto?page=1","2006 Toyota RAV4","3 500 000","140 000 km","Manuelle","Dakar"
"1786443252-244","https://www.gaaraas.com/fr/users/dakar-auto?page=1","2007 Fiat Stilo","2 700 000","160 000 km","Manuelle","Dakar"
"1786443252-245","https://www.gaaraas.com/fr/users/dakar-auto?page=1","2007 Audi S3","2 000 000","120 000 km","Manuelle","Dakar"
